{
    "accuracy": 0.6665060240963856,
    "precision": 0.7760683760683761,
    "recall": 0.44729064039408867,
    "auc": 0.2762059670973139
}